timestamp,visitor_count,temperature,weather_category,is_raining,is_daytime,is_holiday,is_vacation_period,special_date_name
2025-03-22 01:45:00,0,8.3,clear,no,no,no,no,
2025-03-22 02:00:00,0,8.0,clear,no,no,no,no,
2025-03-22 02:15:00,0,8.0,clear,no,no,no,no,
2025-03-22 02:45:00,0,8.2,clear,no,no,no,no,
2025-03-22 03:30:00,0,8.1,clear,no,no,no,no,
2025-03-22 03:45:00,0,8.1,clear,no,no,no,no,
2025-03-22 04:15:00,0,7.7,clear,no,no,no,no,
2025-03-22 04:30:00,0,7.7,clear,no,no,no,no,
2025-03-22 04:45:00,0,7.9,clear,no,no,no,no,
2025-03-22 05:00:00,0,7.9,clear,no,no,no,no,
2025-03-22 05:15:00,0,7.6,clear,no,no,no,no,
2025-03-22 05:30:00,0,7.6,clear,no,no,no,no,
2025-03-22 05:45:00,0,7.6,clear,no,no,no,no,
2025-03-22 06:00:00,0,7.2,clear,no,no,no,no,
2025-03-22 06:15:00,0,7.2,clear,no,no,no,no,
2025-03-22 06:30:00,0,7.6,clear,no,no,no,no,
2025-03-22 06:45:00,0,7.6,clear,no,no,no,no,
2025-03-22 07:00:00,0,7.6,clear,no,no,no,no,
2025-03-22 07:15:00,4,7.3,clear,no,yes,no,no,
2025-03-22 07:30:00,4,7.3,clear,no,yes,no,no,
2025-03-22 07:45:00,4,7.3,clear,no,yes,no,no,
2025-03-22 08:00:00,7,8.1,clear,no,yes,no,no,
2025-03-22 08:15:00,8,8.1,clear,no,yes,no,no,
2025-03-22 08:30:00,9,8.1,clear,no,yes,no,no,
2025-03-22 08:45:00,12,8.3,clear,no,yes,no,no,
2025-03-22 09:00:00,12,8.3,clear,no,yes,no,no,
2025-03-22 09:15:00,14,9.5,clear,no,yes,no,no,
2025-03-22 09:30:00,12,9.5,clear,no,yes,no,no,
2025-03-22 09:45:00,15,9.5,clear,no,yes,no,no,
2025-03-22 10:00:00,15,10.4,clear,no,yes,no,no,
2025-03-22 10:15:00,11,10.4,clear,no,yes,no,no,
2025-03-22 10:30:00,9,10.4,clear,no,yes,no,no,
2025-03-22 10:45:00,12,10.3,clear,no,yes,no,no,
2025-03-22 11:00:00,11,10.3,clear,no,yes,no,no,
2025-03-22 11:15:00,11,11.1,clear,no,yes,no,no,
2025-03-22 11:30:00,11,11.1,clear,no,yes,no,no,
2025-03-22 11:45:00,13,11.1,clear,no,yes,no,no,
2025-03-22 12:00:00,17,11.6,clear,no,yes,no,no,
2025-03-22 12:15:00,14,11.6,clear,no,yes,no,no,
2025-03-22 12:30:00,15,11.6,clear,no,yes,no,no,
2025-03-22 12:45:00,14,11.7,clear,no,yes,no,no,
2025-03-22 13:00:00,14,11.7,clear,no,yes,no,no,
2025-03-22 13:30:00,13,12.1,clear,no,yes,no,no,
2025-03-22 13:45:00,11,12.1,clear,no,yes,no,no,
2025-03-22 14:15:00,11,12.3,clear,no,yes,no,no,
2025-03-22 14:30:00,13,12.3,clear,no,yes,no,no,
2025-03-22 14:45:00,14,12.5,clear,no,yes,no,no,
2025-03-22 15:00:00,10,12.5,clear,no,yes,no,no,
2025-03-22 15:15:00,13,12.3,clear,no,yes,no,no,
2025-03-22 15:30:00,13,12.3,clear,no,yes,no,no,
2025-03-22 15:45:00,13,12.3,clear,no,yes,no,no,
2025-03-22 16:00:00,8,11.9,clear,no,yes,no,no,
2025-03-22 16:15:00,7,11.9,clear,no,yes,no,no,
2025-03-22 16:30:00,10,11.9,clear,no,yes,no,no,
2025-03-22 16:45:00,8,12.1,clear,no,yes,no,no,
2025-03-22 17:00:00,8,12.1,clear,no,yes,no,no,
2025-03-22 17:15:00,5,11.4,clear,no,yes,no,no,
2025-03-22 17:30:00,6,11.4,clear,no,yes,no,no,
2025-03-22 17:45:00,7,11.4,clear,no,yes,no,no,
2025-03-22 18:00:00,5,10.6,clear,no,yes,no,no,
2025-03-22 18:15:00,5,10.6,clear,no,yes,no,no,
2025-03-22 18:30:00,5,10.6,clear,no,yes,no,no,
2025-03-22 18:45:00,6,10.8,clear,no,yes,no,no,
2025-03-22 19:00:00,5,10.8,clear,no,yes,no,no,
2025-03-22 19:15:00,4,9.5,clear,no,no,no,no,
2025-03-22 19:30:00,2,9.5,clear,no,no,no,no,
2025-03-22 19:45:00,2,9.5,clear,no,no,no,no,
2025-03-22 20:00:00,1,9.2,clear,no,no,no,no,
2025-03-22 20:15:00,4,9.2,clear,no,no,no,no,
2025-03-22 20:30:00,4,9.2,clear,no,no,no,no,
2025-03-22 20:45:00,4,8.9,cloudy,no,no,no,no,
2025-03-22 21:00:00,4,8.9,cloudy,no,no,no,no,
2025-03-22 21:15:00,4,9.1,cloudy,no,no,no,no,
2025-03-22 21:30:00,4,9.1,cloudy,no,no,no,no,
2025-03-22 21:45:00,1,9.1,cloudy,no,no,no,no,
2025-03-22 22:00:00,1,9.0,cloudy,no,no,no,no,
2025-03-22 22:15:00,1,9.0,cloudy,no,no,no,no,
2025-03-22 22:30:00,1,9.0,cloudy,no,no,no,no,
2025-03-22 22:45:00,1,8.7,clear,no,no,no,no,
2025-03-22 23:00:00,2,8.7,clear,no,no,no,no,
2025-03-22 23:15:00,1,8.5,clear,no,no,no,no,
2025-03-22 23:30:00,1,8.5,clear,no,no,no,no,
2025-03-22 23:45:00,1,8.5,clear,no,no,no,no,
2025-03-23 00:00:00,1,8.4,clear,no,no,no,no,
2025-03-23 00:15:00,0,8.4,clear,no,no,no,no,
2025-03-23 00:30:00,0,8.4,clear,no,no,no,no,
2025-03-23 00:45:00,0,8.4,clear,no,no,no,no,
2025-03-23 01:15:00,0,8.4,clear,no,no,no,no,
2025-03-23 01:45:00,0,8.3,clear,no,no,no,no,
2025-03-23 02:15:00,0,8.3,clear,no,no,no,no,
2025-03-23 02:30:00,0,8.0,clear,no,no,no,no,
2025-03-23 02:45:00,0,8.0,clear,no,no,no,no,
2025-03-23 03:30:00,0,7.8,clear,no,no,no,no,
2025-03-23 04:00:00,0,7.5,clear,no,no,no,no,
2025-03-23 04:30:00,0,7.5,clear,no,no,no,no,
2025-03-23 04:45:00,0,7.4,clear,no,no,no,no,
2025-03-23 05:00:00,1,7.4,clear,no,no,no,no,
2025-03-23 05:15:00,1,7.4,clear,no,no,no,no,
2025-03-23 05:30:00,1,7.4,clear,no,no,no,no,
2025-03-23 05:45:00,1,7.4,clear,no,no,no,no,
2025-03-23 06:00:00,1,7.3,clear,no,yes,no,no,
2025-03-23 06:15:00,1,7.3,clear,no,yes,no,no,
2025-03-23 06:30:00,0,7.3,clear,no,yes,no,no,
2025-03-23 06:45:00,0,7.0,clear,no,yes,no,no,
2025-03-23 07:00:00,2,7.0,clear,no,yes,no,no,
2025-03-23 07:15:00,2,7.1,clear,no,yes,no,no,
2025-03-23 07:30:00,3,7.1,clear,no,yes,no,no,
2025-03-23 07:45:00,4,7.1,clear,no,yes,no,no,
2025-03-23 08:00:00,6,7.1,clear,no,yes,no,no,
2025-03-23 08:15:00,6,7.1,clear,no,yes,no,no,
2025-03-23 08:30:00,5,7.1,clear,no,yes,no,no,
2025-03-23 08:45:00,5,7.1,clear,no,yes,no,no,
2025-03-23 09:00:00,5,7.1,clear,no,yes,no,no,
2025-03-23 09:15:00,7,8.4,clear,no,yes,no,no,
2025-03-23 09:30:00,9,8.4,clear,no,yes,no,no,
2025-03-23 09:45:00,12,8.4,clear,no,yes,no,no,
2025-03-23 10:00:00,14,10.0,clear,no,yes,no,no,
2025-03-23 10:15:00,20,10.0,clear,no,yes,no,no,
2025-03-23 10:30:00,21,10.0,clear,no,yes,no,no,
2025-03-23 10:45:00,18,10.2,clear,no,yes,no,no,
2025-03-23 11:00:00,17,10.2,clear,no,yes,no,no,
2025-03-23 11:15:00,11,11.3,clear,no,yes,no,no,
2025-03-23 11:30:00,10,11.3,clear,no,yes,no,no,
2025-03-23 11:45:00,11,11.3,clear,no,yes,no,no,
2025-03-23 12:00:00,6,12.2,clear,no,yes,no,no,
2025-03-23 12:15:00,10,12.2,clear,no,yes,no,no,
2025-03-23 12:30:00,11,12.2,clear,no,yes,no,no,
2025-03-23 12:45:00,12,12.0,clear,no,yes,no,no,
2025-03-23 13:00:00,13,12.0,clear,no,yes,no,no,
2025-03-23 13:30:00,12,12.6,clear,no,yes,no,no,
2025-03-23 13:45:00,12,12.6,clear,no,yes,no,no,
2025-03-23 14:15:00,7,12.9,cloudy,no,yes,no,no,
2025-03-23 14:30:00,7,12.9,cloudy,no,yes,no,no,
2025-03-23 14:45:00,10,13.2,cloudy,no,yes,no,no,
2025-03-23 15:00:00,6,13.2,cloudy,no,yes,no,no,
2025-03-23 15:15:00,7,12.9,cloudy,no,yes,no,no,
2025-03-23 15:30:00,8,12.9,cloudy,no,yes,no,no,
2025-03-23 15:45:00,10,12.9,cloudy,no,yes,no,no,
2025-03-23 16:00:00,9,12.5,cloudy,no,yes,no,no,
2025-03-23 16:15:00,8,12.5,cloudy,no,yes,no,no,
2025-03-23 16:30:00,9,12.5,cloudy,no,yes,no,no,
2025-03-23 16:45:00,9,12.7,cloudy,no,yes,no,no,
2025-03-23 17:00:00,10,12.7,cloudy,no,yes,no,no,
2025-03-23 17:15:00,9,12.1,cloudy,no,yes,no,no,
2025-03-23 17:30:00,10,12.1,cloudy,no,yes,no,no,
2025-03-23 17:45:00,10,12.1,cloudy,no,yes,no,no,
2025-03-23 18:00:00,8,11.3,cloudy,no,yes,no,no,
2025-03-23 18:15:00,8,11.3,cloudy,no,yes,no,no,
2025-03-23 18:30:00,6,11.3,cloudy,no,yes,no,no,
2025-03-23 18:45:00,9,11.4,cloudy,no,yes,no,no,
2025-03-23 19:00:00,14,11.4,cloudy,no,yes,no,no,
2025-03-23 19:15:00,17,10.8,cloudy,no,yes,no,no,
2025-03-23 19:30:00,16,10.8,cloudy,no,yes,no,no,
2025-03-23 19:45:00,18,10.8,cloudy,no,yes,no,no,
2025-03-23 20:00:00,18,10.5,cloudy,no,yes,no,no,
2025-03-23 20:15:00,10,10.5,cloudy,no,yes,no,no,
2025-03-23 20:30:00,8,10.5,cloudy,no,yes,no,no,
2025-03-23 20:45:00,4,10.3,cloudy,no,yes,no,no,
2025-03-23 21:00:00,4,10.3,cloudy,no,yes,no,no,
2025-03-23 21:15:00,3,10.2,cloudy,no,yes,no,no,
2025-03-23 21:30:00,4,10.2,cloudy,no,yes,no,no,
2025-03-23 21:45:00,4,10.2,cloudy,no,yes,no,no,
2025-03-23 22:00:00,4,9.6,cloudy,no,no,no,no,
2025-03-23 22:15:00,3,9.6,cloudy,no,no,no,no,
2025-03-23 22:30:00,4,9.6,cloudy,no,no,no,no,
2025-03-23 22:45:00,3,9.9,cloudy,no,yes,no,no,
2025-03-23 23:00:00,2,9.9,cloudy,no,yes,no,no,
2025-03-23 23:15:00,3,9.8,cloudy,no,yes,no,no,
2025-03-23 23:30:00,3,9.8,cloudy,no,yes,no,no,
2025-03-23 23:45:00,3,9.8,cloudy,no,yes,no,no,
2025-03-24 00:00:00,2,9.5,cloudy,no,yes,no,no,
2025-03-24 00:15:00,1,9.5,cloudy,no,yes,no,no,
2025-03-24 00:30:00,1,9.5,cloudy,no,yes,no,no,
2025-03-24 00:45:00,1,9.6,cloudy,no,yes,no,no,
2025-03-24 01:15:00,1,9.6,cloudy,no,yes,no,no,
2025-03-24 01:30:00,1,9.3,cloudy,no,no,no,no,
2025-03-24 02:15:00,1,9.3,cloudy,no,no,no,no,
2025-03-24 02:45:00,0,8.9,clear,no,no,no,no,
2025-03-24 03:30:00,0,7.8,clear,no,no,no,no,
2025-03-24 04:00:00,0,7.0,cloudy,no,no,no,no,
2025-03-24 04:30:00,0,7.0,cloudy,no,no,no,no,
2025-03-24 04:45:00,0,6.6,cloudy,no,no,no,no,
2025-03-24 05:00:00,0,6.6,cloudy,no,no,no,no,
2025-03-24 05:15:00,2,5.9,cloudy,no,no,no,no,
2025-03-24 05:30:00,2,5.9,cloudy,no,no,no,no,
2025-03-24 05:45:00,3,5.9,cloudy,no,no,no,no,
2025-03-24 06:00:00,3,4.6,cloudy,no,yes,no,no,
2025-03-24 06:15:00,4,4.6,cloudy,no,yes,no,no,
2025-03-24 06:30:00,5,4.6,cloudy,no,yes,no,no,
2025-03-24 06:45:00,6,4.3,cloudy,no,yes,no,no,
2025-03-24 07:00:00,8,4.3,cloudy,no,yes,no,no,
2025-03-24 07:30:00,7,3.9,cloudy,no,yes,no,no,
2025-03-24 07:45:00,7,3.9,cloudy,no,yes,no,no,
2025-03-24 08:00:00,7,4.6,cloudy,no,yes,no,no,
2025-03-24 08:15:00,8,4.6,cloudy,no,yes,no,no,
2025-03-24 08:30:00,8,4.6,cloudy,no,yes,no,no,
2025-03-24 08:45:00,15,4.4,cloudy,no,yes,no,no,
2025-03-24 09:00:00,17,4.4,cloudy,no,yes,no,no,
2025-03-24 09:15:00,18,6.1,cloudy,no,yes,no,no,
2025-03-24 09:30:00,26,6.1,cloudy,no,yes,no,no,
2025-03-24 09:45:00,26,6.1,cloudy,no,yes,no,no,
2025-03-24 10:00:00,28,7.3,cloudy,no,yes,no,no,
2025-03-24 10:15:00,25,7.3,cloudy,no,yes,no,no,
2025-03-24 10:30:00,27,7.8,cloudy,no,yes,no,no,
2025-03-24 10:45:00,27,7.8,cloudy,no,yes,no,no,
2025-03-24 11:00:00,19,7.8,cloudy,no,yes,no,no,
2025-03-24 11:15:00,19,8.2,cloudy,no,yes,no,no,
2025-03-24 11:30:00,15,8.2,cloudy,no,yes,no,no,
2025-03-24 11:45:00,13,8.2,cloudy,no,yes,no,no,
2025-03-24 12:00:00,12,8.8,cloudy,no,yes,no,no,
2025-03-24 12:15:00,12,8.8,cloudy,no,yes,no,no,
2025-03-24 12:30:00,14,8.8,cloudy,no,yes,no,no,
2025-03-24 12:45:00,12,9.6,cloudy,no,yes,no,no,
2025-03-24 13:00:00,13,9.6,cloudy,no,yes,no,no,
2025-03-24 13:30:00,13,9.4,cloudy,no,yes,no,no,
2025-03-24 13:45:00,14,9.4,cloudy,no,yes,no,no,
2025-03-24 14:15:00,19,8.8,cloudy,no,yes,no,no,
2025-03-24 14:30:00,18,8.8,cloudy,no,yes,no,no,
2025-03-24 14:45:00,21,9.1,cloudy,no,yes,no,no,
2025-03-24 15:00:00,18,9.1,cloudy,no,yes,no,no,
2025-03-24 15:15:00,23,8.6,cloudy,no,yes,no,no,
2025-03-24 15:30:00,20,8.6,cloudy,no,yes,no,no,
2025-03-24 15:45:00,23,8.6,cloudy,no,yes,no,no,
2025-03-24 16:00:00,25,9.0,cloudy,no,yes,no,no,
2025-03-24 16:15:00,23,9.0,cloudy,no,yes,no,no,
2025-03-24 16:30:00,22,9.0,cloudy,no,yes,no,no,
2025-03-24 16:45:00,26,9.0,cloudy,no,yes,no,no,
2025-03-24 17:00:00,21,9.0,cloudy,no,yes,no,no,
2025-03-24 17:15:00,21,8.4,rainy,yes,yes,no,no,
2025-03-24 17:45:00,26,8.4,rainy,yes,yes,no,no,
2025-03-24 18:00:00,33,7.7,rainy,yes,yes,no,no,
2025-03-24 18:15:00,38,7.7,rainy,yes,yes,no,no,
2025-03-24 18:30:00,42,7.4,rainy,yes,yes,no,no,
2025-03-24 18:45:00,50,7.4,rainy,yes,yes,no,no,
2025-03-24 19:00:00,47,7.4,rainy,yes,yes,no,no,
2025-03-24 19:30:00,51,7.1,rainy,yes,yes,no,no,
2025-03-24 19:45:00,46,7.1,rainy,yes,yes,no,no,
2025-03-24 20:00:00,40,6.7,rainy,yes,yes,no,no,
2025-03-24 20:15:00,34,6.7,rainy,yes,yes,no,no,
2025-03-24 20:30:00,31,6.7,rainy,yes,yes,no,no,
2025-03-24 20:45:00,24,6.7,rainy,yes,yes,no,no,
2025-03-24 21:00:00,17,6.7,rainy,yes,yes,no,no,
2025-03-24 21:15:00,14,6.5,rainy,yes,yes,no,no,
2025-03-24 21:30:00,13,6.5,rainy,yes,yes,no,no,
2025-03-24 21:45:00,11,6.5,rainy,yes,yes,no,no,
2025-03-24 22:00:00,7,6.2,rainy,yes,yes,no,no,
2025-03-24 22:15:00,4,6.2,rainy,yes,yes,no,no,
2025-03-24 22:30:00,3,6.2,rainy,yes,yes,no,no,
2025-03-24 22:45:00,2,6.5,rainy,yes,yes,no,no,
2025-03-24 23:00:00,3,6.5,rainy,yes,yes,no,no,
2025-03-24 23:15:00,4,6.5,rainy,yes,yes,no,no,
2025-03-24 23:30:00,3,6.5,rainy,yes,yes,no,no,
2025-03-24 23:45:00,3,6.5,rainy,yes,yes,no,no,
2025-03-25 00:00:00,3,6.5,rainy,yes,yes,no,no,
2025-03-25 00:15:00,2,6.5,rainy,yes,yes,no,no,
2025-03-25 00:30:00,2,6.5,rainy,yes,yes,no,no,
2025-03-25 00:45:00,2,6.5,rainy,yes,yes,no,no,
2025-03-25 01:15:00,1,6.5,rainy,yes,yes,no,no,
2025-03-25 01:30:00,1,6.5,rainy,yes,yes,no,no,
2025-03-25 02:15:00,0,6.7,rainy,yes,yes,no,no,
2025-03-25 02:45:00,0,6.6,rainy,yes,yes,no,no,
2025-03-25 03:30:00,0,6.8,rainy,yes,yes,no,no,
2025-03-25 04:00:00,0,7.0,rainy,yes,yes,no,no,
2025-03-25 04:30:00,0,7.0,rainy,yes,yes,no,no,
2025-03-25 04:45:00,0,7.0,rainy,yes,yes,no,no,
2025-03-25 05:00:00,0,7.0,rainy,yes,yes,no,no,
2025-03-25 05:15:00,1,7.1,rainy,yes,yes,no,no,
2025-03-25 05:30:00,1,7.1,rainy,yes,yes,no,no,
2025-03-25 05:45:00,2,7.1,rainy,yes,yes,no,no,
2025-03-25 06:00:00,2,7.2,rainy,yes,yes,no,no,
2025-03-25 06:15:00,4,7.2,rainy,yes,yes,no,no,
2025-03-25 06:30:00,4,7.3,rainy,yes,yes,no,no,
2025-03-25 06:45:00,3,7.3,rainy,yes,yes,no,no,
2025-03-25 07:00:00,3,7.3,rainy,yes,yes,no,no,
2025-03-25 07:30:00,3,7.3,rainy,yes,yes,no,no,
2025-03-25 07:45:00,3,7.3,rainy,yes,yes,no,no,
2025-03-25 08:00:00,3,7.5,rainy,yes,yes,no,no,
2025-03-25 08:15:00,6,7.5,rainy,yes,yes,no,no,
2025-03-25 08:30:00,7,7.5,rainy,yes,yes,no,no,
2025-03-25 08:45:00,8,7.5,rainy,yes,yes,no,no,
2025-03-25 09:00:00,11,7.5,rainy,yes,yes,no,no,
2025-03-25 09:15:00,14,7.6,foggy,no,yes,no,no,
2025-03-25 09:30:00,17,7.6,foggy,no,yes,no,no,
2025-03-25 09:45:00,17,7.6,foggy,no,yes,no,no,
2025-03-25 10:00:00,23,8.1,foggy,no,yes,no,no,
2025-03-25 10:15:00,28,8.1,foggy,no,yes,no,no,
2025-03-25 10:30:00,26,8.2,foggy,no,yes,no,no,
2025-03-25 10:45:00,22,8.2,foggy,no,yes,no,no,
2025-03-25 11:00:00,26,8.2,foggy,no,yes,no,no,
2025-03-25 11:15:00,25,8.4,foggy,no,yes,no,no,
2025-03-25 11:30:00,17,8.4,foggy,no,yes,no,no,
2025-03-25 11:45:00,16,8.4,foggy,no,yes,no,no,
2025-03-25 12:00:00,17,8.7,foggy,no,yes,no,no,
2025-03-25 12:15:00,14,8.7,foggy,no,yes,no,no,
2025-03-25 12:30:00,12,8.7,foggy,no,yes,no,no,
2025-03-25 12:45:00,11,8.8,foggy,no,yes,no,no,
2025-03-25 13:00:00,14,8.8,foggy,no,yes,no,no,
2025-03-25 13:30:00,12,8.9,foggy,no,yes,no,no,
2025-03-25 13:45:00,14,8.9,foggy,no,yes,no,no,
2025-03-25 14:15:00,16,9.1,foggy,no,yes,no,no,
2025-03-25 14:30:00,17,9.1,foggy,no,yes,no,no,
2025-03-25 14:45:00,21,8.8,foggy,no,yes,no,no,
2025-03-25 15:00:00,26,8.8,foggy,no,yes,no,no,
2025-03-25 15:15:00,26,8.6,foggy,no,yes,no,no,
2025-03-25 15:30:00,27,8.6,foggy,no,yes,no,no,
2025-03-25 15:45:00,26,8.6,foggy,no,yes,no,no,
2025-03-25 16:00:00,25,8.4,cloudy,no,yes,no,no,
2025-03-25 16:15:00,23,8.4,cloudy,no,yes,no,no,
2025-03-25 16:30:00,24,8.4,foggy,no,yes,no,no,
2025-03-25 16:45:00,27,8.4,foggy,no,yes,no,no,
2025-03-25 17:00:00,27,8.4,foggy,no,yes,no,no,
2025-03-25 17:15:00,36,8.2,cloudy,no,yes,no,no,
2025-03-25 17:30:00,39,8.2,cloudy,no,yes,no,no,
2025-03-25 17:45:00,42,8.2,cloudy,no,yes,no,no,
2025-03-25 18:00:00,37,8.1,cloudy,no,yes,no,no,
2025-03-25 18:15:00,34,8.1,cloudy,no,yes,no,no,
2025-03-25 18:30:00,38,8.0,cloudy,no,yes,no,no,
2025-03-25 18:45:00,49,8.0,cloudy,no,yes,no,no,
2025-03-25 19:00:00,39,8.0,cloudy,no,yes,no,no,
2025-03-25 19:30:00,33,7.8,cloudy,no,yes,no,no,
2025-03-25 19:45:00,32,7.8,cloudy,no,yes,no,no,
2025-03-25 20:00:00,28,7.4,cloudy,no,yes,no,no,
2025-03-25 20:15:00,11,7.4,cloudy,no,yes,no,no,
2025-03-25 20:30:00,12,7.4,cloudy,no,yes,no,no,
2025-03-25 20:45:00,11,7.4,cloudy,no,yes,no,no,
2025-03-25 21:00:00,10,7.4,cloudy,no,yes,no,no,
2025-03-25 21:15:00,9,7.0,cloudy,no,no,no,no,
2025-03-25 21:30:00,7,7.0,cloudy,no,no,no,no,
2025-03-25 21:45:00,10,7.0,cloudy,no,no,no,no,
2025-03-25 22:00:00,9,6.6,cloudy,no,no,no,no,
2025-03-25 22:15:00,9,6.6,cloudy,no,no,no,no,
2025-03-25 22:30:00,8,6.6,cloudy,no,no,no,no,
2025-03-25 22:45:00,7,5.5,cloudy,no,yes,no,no,
2025-03-25 23:00:00,6,5.5,cloudy,no,yes,no,no,
2025-03-25 23:15:00,3,5.2,cloudy,no,yes,no,no,
2025-03-25 23:30:00,2,5.2,cloudy,no,yes,no,no,
2025-03-25 23:45:00,2,5.2,cloudy,no,yes,no,no,
2025-03-26 00:00:00,3,5.3,cloudy,no,yes,no,no,
2025-03-26 00:15:00,4,5.3,cloudy,no,yes,no,no,
2025-03-26 00:30:00,4,5.3,cloudy,no,yes,no,no,
2025-03-26 00:45:00,3,5.3,cloudy,no,yes,no,no,
2025-03-26 01:15:00,3,5.3,cloudy,no,yes,no,no,
2025-03-26 01:30:00,1,5.6,cloudy,no,yes,no,no,
2025-03-26 02:15:00,0,5.8,cloudy,no,yes,no,no,
2025-03-26 02:45:00,0,5.9,cloudy,no,yes,no,no,
2025-03-26 03:30:00,0,5.9,cloudy,no,yes,no,no,
2025-03-26 03:45:00,0,5.9,cloudy,no,yes,no,no,
2025-03-26 04:15:00,0,6.1,cloudy,no,yes,no,no,
2025-03-26 04:30:00,0,6.1,cloudy,no,yes,no,no,
2025-03-26 04:45:00,0,6.1,cloudy,no,yes,no,no,
2025-03-26 05:00:00,0,5.8,cloudy,no,yes,no,no,
2025-03-26 05:15:00,4,5.8,cloudy,no,yes,no,no,
2025-03-26 05:30:00,4,5.9,cloudy,no,yes,no,no,
2025-03-26 05:45:00,5,5.9,cloudy,no,yes,no,no,
2025-03-26 06:00:00,5,5.9,cloudy,no,yes,no,no,
2025-03-26 06:15:00,5,5.1,cloudy,no,yes,no,no,
2025-03-26 06:30:00,6,5.1,cloudy,no,yes,no,no,
2025-03-26 06:45:00,3,5.1,cloudy,no,yes,no,no,
2025-03-26 07:00:00,6,5.2,cloudy,no,yes,no,no,
2025-03-26 07:30:00,6,5.2,cloudy,no,yes,no,no,
2025-03-26 07:45:00,7,5.7,cloudy,no,yes,no,no,
2025-03-26 08:00:00,10,5.7,cloudy,no,yes,no,no,
2025-03-26 08:15:00,12,6.4,cloudy,no,yes,no,no,
2025-03-26 08:30:00,10,6.4,cloudy,no,yes,no,no,
2025-03-26 08:45:00,14,6.4,cloudy,no,yes,no,no,
2025-03-26 09:00:00,19,7.4,cloudy,no,yes,no,no,
2025-03-26 09:15:00,21,7.4,cloudy,no,yes,no,no,
2025-03-26 09:30:00,19,6.9,cloudy,no,yes,no,no,
2025-03-26 09:45:00,23,6.9,cloudy,no,yes,no,no,
2025-03-26 10:00:00,25,6.9,cloudy,no,yes,no,no,
2025-03-26 10:15:00,28,6.9,cloudy,no,yes,no,no,
2025-03-26 10:30:00,24,6.9,cloudy,no,yes,no,no,
2025-03-26 10:45:00,22,6.9,cloudy,no,yes,no,no,
2025-03-26 11:00:00,24,7.2,cloudy,no,yes,no,no,
2025-03-26 11:15:00,22,7.2,cloudy,no,yes,no,no,
2025-03-26 11:30:00,18,7.6,cloudy,no,yes,no,no,
2025-03-26 11:45:00,14,7.6,cloudy,no,yes,no,no,
2025-03-26 12:00:00,13,7.6,cloudy,no,yes,no,no,
2025-03-26 12:15:00,11,8.7,cloudy,no,yes,no,no,
2025-03-26 12:30:00,9,8.7,cloudy,no,yes,no,no,
2025-03-26 12:45:00,8,8.7,cloudy,no,yes,no,no,
2025-03-26 13:00:00,11,9.7,cloudy,no,yes,no,no,
2025-03-26 13:30:00,10,9.7,cloudy,no,yes,no,no,
2025-03-26 13:45:00,13,9.5,cloudy,no,yes,no,no,
2025-03-26 14:15:00,18,9.5,cloudy,no,yes,no,no,
2025-03-26 14:30:00,20,8.8,cloudy,no,yes,no,no,
2025-03-26 14:45:00,19,8.8,cloudy,no,yes,no,no,
2025-03-26 15:00:00,17,9.6,cloudy,no,yes,no,no,
2025-03-26 15:15:00,17,9.6,cloudy,no,yes,no,no,
2025-03-26 15:30:00,13,10.4,cloudy,no,yes,no,no,
2025-03-26 15:45:00,13,10.4,cloudy,no,yes,no,no,
2025-03-26 16:00:00,13,10.4,cloudy,no,yes,no,no,
2025-03-26 16:15:00,17,10.6,cloudy,no,yes,no,no,
2025-03-26 16:30:00,18,10.6,cloudy,no,yes,no,no,
2025-03-26 16:45:00,20,10.6,cloudy,no,yes,no,no,
2025-03-26 17:00:00,23,10.5,cloudy,no,yes,no,no,
2025-03-26 17:15:00,26,10.5,cloudy,no,yes,no,no,
2025-03-26 17:45:00,24,10.5,cloudy,no,yes,no,no,
2025-03-26 18:00:00,29,10.5,cloudy,no,yes,no,no,
2025-03-26 18:15:00,32,10.4,cloudy,no,yes,no,no,
2025-03-26 18:30:00,39,10.4,cloudy,no,yes,no,no,
2025-03-26 18:45:00,37,10.4,cloudy,no,yes,no,no,
2025-03-26 19:00:00,39,9.5,cloudy,no,yes,no,no,
2025-03-26 19:15:00,39,9.5,cloudy,no,yes,no,no,
2025-03-26 19:45:00,43,9.2,cloudy,no,yes,no,no,
2025-03-26 20:00:00,29,9.2,cloudy,no,yes,no,no,
2025-03-26 20:15:00,27,8.8,cloudy,no,yes,no,no,
2025-03-26 20:30:00,25,8.8,cloudy,no,yes,no,no,
2025-03-26 20:45:00,25,8.8,cloudy,no,yes,no,no,
2025-03-26 21:00:00,15,8.0,cloudy,no,yes,no,no,
2025-03-26 21:15:00,10,8.0,cloudy,no,yes,no,no,
2025-03-26 21:30:00,10,8.0,cloudy,no,yes,no,no,
2025-03-26 21:45:00,7,8.0,cloudy,no,yes,no,no,
2025-03-26 22:00:00,4,8.0,cloudy,no,yes,no,no,
2025-03-26 22:15:00,2,7.1,cloudy,no,yes,no,no,
2025-03-26 22:30:00,1,7.1,cloudy,no,yes,no,no,
2025-03-26 22:45:00,1,7.1,cloudy,no,yes,no,no,
2025-03-26 23:00:00,1,7.2,cloudy,no,yes,no,no,
2025-03-26 23:15:00,2,7.2,cloudy,no,yes,no,no,
2025-03-26 23:30:00,2,7.0,cloudy,no,yes,no,no,
2025-03-26 23:45:00,3,7.0,cloudy,no,yes,no,no,
2025-03-27 00:00:00,3,7.0,cloudy,no,yes,no,no,
2025-03-27 00:15:00,4,7.3,cloudy,no,yes,no,no,
2025-03-27 00:30:00,3,7.3,cloudy,no,yes,no,no,
2025-03-27 00:45:00,2,7.3,cloudy,no,yes,no,no,
2025-03-27 01:15:00,1,7.0,cloudy,no,yes,no,no,
2025-03-27 01:30:00,1,7.0,cloudy,no,yes,no,no,
2025-03-27 02:15:00,0,7.0,cloudy,no,yes,no,no,
2025-03-27 02:45:00,0,7.0,cloudy,no,yes,no,no,
2025-03-27 03:30:00,0,7.1,cloudy,no,yes,no,no,
2025-03-27 03:45:00,0,7.1,cloudy,no,yes,no,no,
2025-03-27 04:15:00,0,7.2,cloudy,no,yes,no,no,
2025-03-27 04:30:00,1,7.2,cloudy,no,yes,no,no,
2025-03-27 04:45:00,1,7.1,cloudy,no,yes,no,no,
2025-03-27 05:00:00,1,7.1,cloudy,no,yes,no,no,
2025-03-27 05:15:00,3,7.1,cloudy,no,yes,no,no,
2025-03-27 05:30:00,3,7.1,rainy,yes,yes,no,no,
2025-03-27 05:45:00,3,7.1,rainy,yes,yes,no,no,
2025-03-27 06:00:00,3,7.3,rainy,yes,yes,no,no,
2025-03-27 06:15:00,5,7.3,rainy,yes,yes,no,no,
2025-03-27 06:30:00,6,7.3,rainy,yes,yes,no,no,
2025-03-27 06:45:00,4,7.2,rainy,yes,yes,no,no,
2025-03-27 07:00:00,5,7.2,rainy,yes,yes,no,no,
2025-03-27 07:30:00,6,7.4,rainy,yes,yes,no,no,
2025-03-27 07:45:00,6,7.4,rainy,yes,yes,no,no,
2025-03-27 08:00:00,4,7.5,rainy,yes,yes,no,no,
2025-03-27 08:15:00,7,7.5,rainy,yes,yes,no,no,
2025-03-27 08:30:00,8,7.5,rainy,yes,yes,no,no,
2025-03-27 08:45:00,11,7.4,rainy,yes,yes,no,no,
2025-03-27 09:00:00,16,7.4,rainy,yes,yes,no,no,
2025-03-27 09:15:00,21,7.5,rainy,yes,yes,no,no,
2025-03-27 09:30:00,23,7.5,rainy,yes,yes,no,no,
2025-03-27 09:45:00,25,7.5,rainy,yes,yes,no,no,
2025-03-27 10:00:00,27,7.6,rainy,yes,yes,no,no,
2025-03-27 10:15:00,26,7.6,rainy,yes,yes,no,no,
2025-03-27 10:30:00,22,7.6,rainy,yes,yes,no,no,
2025-03-27 10:45:00,19,8.0,cloudy,no,yes,no,no,
2025-03-27 11:00:00,23,8.0,cloudy,no,yes,no,no,
2025-03-27 11:15:00,17,8.0,cloudy,no,yes,no,no,
2025-03-27 11:30:00,15,8.0,cloudy,no,yes,no,no,
2025-03-27 11:45:00,16,8.0,cloudy,no,yes,no,no,
2025-03-27 12:00:00,21,8.5,cloudy,no,yes,no,no,
2025-03-27 12:15:00,21,8.5,cloudy,no,yes,no,no,
2025-03-27 12:30:00,18,8.5,cloudy,no,yes,no,no,
2025-03-27 12:45:00,14,8.6,cloudy,no,yes,no,no,
2025-03-27 13:00:00,13,8.6,cloudy,no,yes,no,no,
2025-03-27 13:30:00,7,9.0,cloudy,no,yes,no,no,
2025-03-27 13:45:00,5,9.0,cloudy,no,yes,no,no,
2025-03-27 14:15:00,8,8.9,cloudy,no,yes,no,no,
2025-03-27 14:30:00,11,8.9,cloudy,no,yes,no,no,
2025-03-27 14:45:00,15,8.9,cloudy,no,yes,no,no,
2025-03-27 15:00:00,19,8.9,cloudy,no,yes,no,no,
2025-03-27 15:15:00,21,9.0,cloudy,no,yes,no,no,
2025-03-27 15:30:00,20,9.0,cloudy,no,yes,no,no,
2025-03-27 15:45:00,19,9.0,cloudy,no,yes,no,no,
2025-03-27 16:00:00,17,8.8,cloudy,no,yes,no,no,
2025-03-27 16:15:00,19,8.8,cloudy,no,yes,no,no,
2025-03-27 16:30:00,20,8.7,cloudy,no,yes,no,no,
2025-03-27 16:45:00,21,8.7,cloudy,no,yes,no,no,
2025-03-27 17:00:00,24,8.7,cloudy,no,yes,no,no,
2025-03-27 17:15:00,25,8.7,cloudy,no,yes,no,no,
2025-03-27 17:45:00,25,8.7,cloudy,no,yes,no,no,
2025-03-27 18:00:00,23,8.8,rainy,yes,yes,no,no,
2025-03-27 18:15:00,25,8.8,rainy,yes,yes,no,no,
2025-03-27 18:30:00,22,8.8,rainy,yes,yes,no,no,
2025-03-27 18:45:00,28,8.5,rainy,yes,yes,no,no,
2025-03-27 19:00:00,34,8.5,rainy,yes,yes,no,no,
2025-03-27 19:15:00,40,8.2,rainy,yes,yes,no,no,
2025-03-27 19:45:00,39,8.2,rainy,yes,yes,no,no,
2025-03-27 20:00:00,36,8.4,rainy,yes,yes,no,no,
2025-03-27 20:15:00,25,8.4,rainy,yes,yes,no,no,
2025-03-27 20:30:00,20,8.4,rainy,yes,yes,no,no,
2025-03-27 20:45:00,15,8.2,rainy,yes,yes,no,no,
2025-03-27 21:00:00,15,8.2,rainy,yes,yes,no,no,
2025-03-27 21:15:00,13,8.1,rainy,yes,yes,no,no,
2025-03-27 21:30:00,11,8.1,rainy,yes,yes,no,no,
2025-03-27 21:45:00,9,8.1,rainy,yes,yes,no,no,
2025-03-27 22:00:00,6,8.3,rainy,yes,yes,no,no,
2025-03-27 22:15:00,4,8.3,rainy,yes,yes,no,no,
2025-03-27 22:30:00,1,8.3,rainy,yes,yes,no,no,
2025-03-27 22:45:00,2,8.3,rainy,yes,yes,no,no,
2025-03-27 23:00:00,2,8.3,rainy,yes,yes,no,no,
2025-03-27 23:15:00,4,8.4,cloudy,no,yes,no,no,
2025-03-27 23:30:00,4,8.4,cloudy,no,yes,no,no,
2025-03-27 23:45:00,4,8.4,cloudy,no,yes,no,no,
2025-03-28 00:00:00,4,8.6,cloudy,no,yes,no,no,
2025-03-28 00:15:00,3,8.6,cloudy,no,yes,no,no,
2025-03-28 00:30:00,3,8.6,cloudy,no,yes,no,no,
2025-03-28 00:45:00,0,8.7,cloudy,no,yes,no,no,
2025-03-28 01:15:00,0,8.7,cloudy,no,yes,no,no,
2025-03-28 01:30:00,0,8.9,rainy,yes,yes,no,no,
2025-03-28 02:15:00,0,8.4,cloudy,no,yes,no,no,
2025-03-28 02:45:00,0,8.7,cloudy,no,yes,no,no,
2025-03-28 03:30:00,0,8.6,rainy,yes,yes,no,no,
2025-03-28 04:00:00,0,8.9,rainy,yes,yes,no,no,
2025-03-28 04:30:00,1,8.9,rainy,yes,yes,no,no,
2025-03-28 04:45:00,1,8.9,rainy,yes,yes,no,no,
2025-03-28 05:00:00,1,8.9,rainy,yes,yes,no,no,
2025-03-28 05:15:00,3,8.5,rainy,yes,yes,no,no,
2025-03-28 05:30:00,5,8.5,rainy,yes,yes,no,no,
2025-03-28 05:45:00,5,8.5,rainy,yes,yes,no,no,
2025-03-28 06:00:00,6,8.3,rainy,yes,yes,no,no,
2025-03-28 06:15:00,6,8.3,rainy,yes,yes,no,no,
2025-03-28 06:30:00,7,8.2,rainy,yes,yes,no,no,
2025-03-28 06:45:00,9,8.2,rainy,yes,yes,no,no,
2025-03-28 07:00:00,8,8.2,rainy,yes,yes,no,no,
2025-03-28 07:15:00,10,8.2,rainy,yes,yes,no,no,
2025-03-28 07:45:00,9,8.2,rainy,yes,yes,no,no,
2025-03-28 08:00:00,13,8.3,cloudy,no,yes,no,no,
2025-03-28 08:15:00,14,8.3,cloudy,no,yes,no,no,
2025-03-28 08:30:00,19,8.3,cloudy,no,yes,no,no,
2025-03-28 08:45:00,24,8.3,cloudy,no,yes,no,no,
2025-03-28 09:00:00,28,8.3,cloudy,no,yes,no,no,
2025-03-28 09:15:00,26,8.2,cloudy,no,yes,no,no,
2025-03-28 09:30:00,26,8.2,cloudy,no,yes,no,no,
2025-03-28 09:45:00,26,8.2,cloudy,no,yes,no,no,
2025-03-28 10:00:00,20,8.3,cloudy,no,yes,no,no,
2025-03-28 10:15:00,14,8.3,cloudy,no,yes,no,no,
2025-03-28 10:30:00,17,8.4,cloudy,no,yes,no,no,
2025-03-28 10:45:00,18,8.4,cloudy,no,yes,no,no,
2025-03-28 11:00:00,21,8.4,cloudy,no,yes,no,no,
2025-03-28 11:15:00,22,8.5,cloudy,no,yes,no,no,
2025-03-28 11:30:00,22,8.5,cloudy,no,yes,no,no,
2025-03-28 11:45:00,24,8.5,cloudy,no,yes,no,no,
2025-03-28 12:00:00,19,8.8,cloudy,no,yes,no,no,
2025-03-28 12:15:00,23,8.8,cloudy,no,yes,no,no,
2025-03-28 12:30:00,22,8.8,cloudy,no,yes,no,no,
2025-03-28 12:45:00,18,9.0,cloudy,no,yes,no,no,
2025-03-28 13:00:00,17,9.0,cloudy,no,yes,no,no,
2025-03-28 13:30:00,17,9.1,cloudy,no,yes,no,no,
2025-03-28 13:45:00,11,9.1,cloudy,no,yes,no,no,
2025-03-28 14:00:00,10,9.8,cloudy,no,yes,no,no,
2025-03-28 14:30:00,9,9.8,cloudy,no,yes,no,no,
2025-03-28 14:45:00,14,9.8,cloudy,no,yes,no,no,
2025-03-28 15:00:00,14,9.8,cloudy,no,yes,no,no,
2025-03-28 15:15:00,20,9.4,cloudy,no,yes,no,no,
2025-03-28 15:30:00,19,9.4,cloudy,no,yes,no,no,
2025-03-28 15:45:00,22,9.4,cloudy,no,yes,no,no,
2025-03-28 16:00:00,21,9.4,cloudy,no,yes,no,no,
2025-03-28 16:15:00,19,9.4,cloudy,no,yes,no,no,
2025-03-28 16:30:00,20,9.3,cloudy,no,yes,no,no,
2025-03-28 16:45:00,20,9.3,cloudy,no,yes,no,no,
2025-03-28 17:00:00,21,9.3,cloudy,no,yes,no,no,
2025-03-28 17:15:00,18,9.2,cloudy,no,yes,no,no,
2025-03-28 17:30:00,15,9.2,cloudy,no,yes,no,no,
2025-03-28 17:45:00,14,9.2,cloudy,no,yes,no,no,
2025-03-28 18:00:00,13,8.7,cloudy,no,yes,no,no,
2025-03-28 18:15:00,10,8.7,cloudy,no,yes,no,no,
2025-03-28 18:30:00,9,8.7,cloudy,no,yes,no,no,
2025-03-28 18:45:00,11,8.4,cloudy,no,yes,no,no,
2025-03-28 19:00:00,13,8.4,cloudy,no,yes,no,no,
2025-03-28 19:30:00,16,7.8,cloudy,no,yes,no,no,
2025-03-28 19:45:00,16,7.8,cloudy,no,yes,no,no,
2025-03-28 20:00:00,15,7.4,cloudy,no,yes,no,no,
2025-03-28 20:15:00,11,7.4,cloudy,no,yes,no,no,
2025-03-28 20:30:00,9,7.4,cloudy,no,yes,no,no,
2025-03-28 20:45:00,7,7.5,cloudy,no,yes,no,no,
2025-03-28 21:00:00,6,7.5,cloudy,no,yes,no,no,
2025-03-28 21:15:00,4,7.2,cloudy,no,yes,no,no,
2025-03-28 21:30:00,4,7.2,cloudy,no,yes,no,no,
2025-03-28 21:45:00,6,7.2,cloudy,no,yes,no,no,
2025-03-28 22:00:00,5,7.1,cloudy,no,yes,no,no,
2025-03-28 22:15:00,4,7.1,cloudy,no,yes,no,no,
2025-03-28 22:30:00,4,7.1,cloudy,no,yes,no,no,
2025-03-28 22:45:00,4,6.9,cloudy,no,yes,no,no,
2025-03-28 23:00:00,3,6.9,cloudy,no,yes,no,no,
2025-03-28 23:15:00,3,6.7,cloudy,no,no,no,no,
2025-03-28 23:30:00,4,6.7,cloudy,no,no,no,no,
2025-03-28 23:45:00,4,6.7,cloudy,no,no,no,no,
2025-03-29 00:00:00,4,7.0,cloudy,no,yes,no,no,
2025-03-29 00:15:00,4,7.0,cloudy,no,yes,no,no,
2025-03-29 00:30:00,5,7.0,cloudy,no,yes,no,no,
2025-03-29 00:45:00,4,6.9,cloudy,no,yes,no,no,
2025-03-29 01:15:00,3,6.9,cloudy,no,yes,no,no,
2025-03-29 01:30:00,3,7.0,rainy,yes,yes,no,no,
2025-03-29 02:15:00,0,6.9,rainy,yes,yes,no,no,
2025-03-29 02:45:00,0,6.6,rainy,yes,yes,no,no,
2025-03-29 03:30:00,0,6.4,cloudy,no,yes,no,no,
2025-03-29 03:45:00,0,6.4,cloudy,no,yes,no,no,
2025-03-29 04:15:00,0,6.1,cloudy,no,yes,no,no,
2025-03-29 04:30:00,0,6.1,cloudy,no,yes,no,no,
2025-03-29 04:45:00,0,6.1,cloudy,no,yes,no,no,
2025-03-29 05:00:00,0,6.3,cloudy,no,yes,no,no,
2025-03-29 05:30:00,0,6.2,cloudy,no,yes,no,no,
2025-03-29 05:45:00,0,6.2,cloudy,no,yes,no,no,
2025-03-29 06:00:00,1,6.1,cloudy,no,yes,no,no,
2025-03-29 06:15:00,1,6.1,cloudy,no,yes,no,no,
2025-03-29 06:30:00,2,6.1,cloudy,no,yes,no,no,
2025-03-29 06:45:00,2,6.0,cloudy,no,yes,no,no,
2025-03-29 07:00:00,2,6.0,cloudy,no,yes,no,no,
2025-03-29 07:15:00,4,5.9,cloudy,no,yes,no,no,
2025-03-29 07:30:00,6,5.9,cloudy,no,yes,no,no,
2025-03-29 07:45:00,8,5.9,cloudy,no,yes,no,no,
2025-03-29 08:00:00,7,6.0,cloudy,no,yes,no,no,
2025-03-29 08:15:00,10,6.0,cloudy,no,yes,no,no,
2025-03-29 08:30:00,12,6.0,cloudy,no,yes,no,no,
2025-03-29 08:45:00,14,6.0,cloudy,no,yes,no,no,
2025-03-29 09:00:00,15,6.0,cloudy,no,yes,no,no,
2025-03-29 09:15:00,20,6.6,cloudy,no,yes,no,no,
2025-03-29 09:30:00,19,6.6,cloudy,no,yes,no,no,
2025-03-29 09:45:00,19,6.6,cloudy,no,yes,no,no,
2025-03-29 10:00:00,18,7.1,cloudy,no,yes,no,no,
2025-03-29 10:15:00,18,7.1,cloudy,no,yes,no,no,
2025-03-29 10:30:00,15,7.1,cloudy,no,yes,no,no,
2025-03-29 10:45:00,14,7.5,cloudy,no,yes,no,no,
2025-03-29 11:00:00,14,7.5,cloudy,no,yes,no,no,
2025-03-29 11:15:00,17,7.6,cloudy,no,yes,no,no,
2025-03-29 11:30:00,17,7.6,cloudy,no,yes,no,no,
2025-03-29 11:45:00,19,7.6,cloudy,no,yes,no,no,
2025-03-29 12:00:00,18,8.9,cloudy,no,yes,no,no,
2025-03-29 12:15:00,18,8.9,cloudy,no,yes,no,no,
2025-03-29 12:30:00,18,8.9,cloudy,no,yes,no,no,
2025-03-29 12:45:00,14,8.2,cloudy,no,yes,no,no,
2025-03-29 13:00:00,13,8.2,cloudy,no,yes,no,no,
2025-03-29 13:30:00,11,8.2,cloudy,no,yes,no,no,
2025-03-29 13:45:00,15,8.2,cloudy,no,yes,no,no,
2025-03-29 14:15:00,12,8.3,cloudy,no,yes,no,no,
2025-03-29 14:30:00,12,8.3,cloudy,no,yes,no,no,
2025-03-29 14:45:00,14,8.7,cloudy,no,yes,no,no,
2025-03-29 15:00:00,14,8.7,cloudy,no,yes,no,no,
2025-03-29 15:15:00,12,8.9,cloudy,no,yes,no,no,
2025-03-29 15:30:00,13,8.9,cloudy,no,yes,no,no,
2025-03-29 15:45:00,12,8.9,cloudy,no,yes,no,no,
2025-03-29 16:00:00,17,8.8,cloudy,no,yes,no,no,
2025-03-29 16:15:00,14,8.8,cloudy,no,yes,no,no,
2025-03-29 16:30:00,12,8.8,cloudy,no,yes,no,no,
2025-03-29 16:45:00,14,9.1,cloudy,no,yes,no,no,
2025-03-29 17:00:00,12,9.1,cloudy,no,yes,no,no,
2025-03-29 17:15:00,10,9.0,cloudy,no,yes,no,no,
2025-03-29 17:30:00,7,9.0,cloudy,no,yes,no,no,
2025-03-29 17:45:00,8,9.0,cloudy,no,yes,no,no,
2025-03-29 18:00:00,8,8.4,cloudy,no,yes,no,no,
2025-03-29 18:15:00,6,8.4,cloudy,no,yes,no,no,
2025-03-29 18:30:00,7,8.4,cloudy,no,yes,no,no,
2025-03-29 18:45:00,8,7.9,cloudy,no,yes,no,no,
2025-03-29 19:00:00,9,7.9,cloudy,no,yes,no,no,
2025-03-29 19:15:00,7,7.4,cloudy,no,yes,no,no,
2025-03-29 19:30:00,9,7.4,cloudy,no,yes,no,no,
2025-03-29 19:45:00,9,7.4,cloudy,no,yes,no,no,
2025-03-29 20:00:00,7,6.7,rainy,yes,yes,no,no,
2025-03-29 20:15:00,7,6.7,rainy,yes,yes,no,no,
2025-03-29 20:30:00,8,6.7,rainy,yes,yes,no,no,
2025-03-29 20:45:00,5,6.8,rainy,yes,yes,no,no,
2025-03-29 21:00:00,4,6.8,rainy,yes,yes,no,no,
2025-03-29 21:15:00,4,6.6,rainy,yes,yes,no,no,
2025-03-29 21:30:00,4,6.6,rainy,yes,yes,no,no,
2025-03-29 21:45:00,3,6.6,rainy,yes,yes,no,no,
2025-03-29 22:00:00,3,6.0,rainy,yes,yes,no,no,
2025-03-29 22:15:00,4,6.0,rainy,yes,yes,no,no,
2025-03-29 22:30:00,4,6.0,rainy,yes,yes,no,no,
2025-03-29 22:45:00,4,6.1,rainy,yes,yes,no,no,
2025-03-29 23:00:00,5,6.1,rainy,yes,yes,no,no,
2025-03-29 23:15:00,4,4.8,rainy,yes,yes,no,no,
2025-03-29 23:30:00,3,4.8,rainy,yes,yes,no,no,
2025-03-29 23:45:00,2,4.8,rainy,yes,yes,no,no,
2025-03-30 00:00:00,1,3.5,rainy,yes,yes,no,no,
2025-03-30 00:15:00,2,3.5,rainy,yes,yes,no,no,
2025-03-30 00:30:00,1,3.5,rainy,yes,yes,no,no,
2025-03-30 00:45:00,1,3.5,rainy,yes,yes,no,no,
2025-03-30 01:15:00,1,3.5,rainy,yes,yes,no,no,
2025-03-30 01:45:00,1,3.1,rainy,yes,yes,no,no,
2025-03-30 03:15:00,0,3.1,rainy,yes,yes,no,no,
2025-03-30 03:45:00,0,3.1,rainy,yes,yes,no,no,
2025-03-30 04:30:00,0,3.6,rainy,yes,yes,no,no,
2025-03-30 05:00:00,0,3.8,rainy,yes,yes,no,no,
2025-03-30 05:30:00,0,3.8,rainy,yes,yes,no,no,
2025-03-30 05:45:00,1,4.2,rainy,yes,yes,no,no,
2025-03-30 06:00:00,1,4.2,rainy,yes,yes,no,no,
2025-03-30 06:30:00,1,4.4,rainy,yes,yes,no,no,
2025-03-30 06:45:00,2,4.4,rainy,yes,yes,no,no,
2025-03-30 07:00:00,1,4.4,rainy,yes,yes,no,no,
2025-03-30 07:15:00,1,4.4,rainy,yes,yes,no,no,
2025-03-30 07:30:00,1,4.3,rainy,yes,yes,no,no,
2025-03-30 07:45:00,1,4.3,rainy,yes,yes,no,no,
2025-03-30 08:00:00,1,4.3,rainy,yes,yes,no,no,
2025-03-30 08:15:00,0,4.8,rainy,yes,yes,no,no,
2025-03-30 08:30:00,3,4.8,rainy,yes,yes,no,no,
2025-03-30 08:45:00,6,4.8,rainy,yes,yes,no,no,
2025-03-30 09:00:00,6,5.1,cloudy,no,yes,no,no,
2025-03-30 09:15:00,6,5.1,cloudy,no,yes,no,no,
2025-03-30 09:30:00,7,5.1,cloudy,no,yes,no,no,
2025-03-30 09:45:00,9,4.7,cloudy,no,yes,no,no,
2025-03-30 10:00:00,10,4.7,cloudy,no,yes,no,no,
2025-03-30 10:15:00,14,5.2,cloudy,no,yes,no,no,
2025-03-30 10:30:00,15,5.2,cloudy,no,yes,no,no,
2025-03-30 10:45:00,16,5.2,cloudy,no,yes,no,no,
2025-03-30 11:00:00,19,6.3,cloudy,no,yes,no,no,
2025-03-30 11:15:00,20,6.3,cloudy,no,yes,no,no,
2025-03-30 11:30:00,19,6.3,cloudy,no,yes,no,no,
2025-03-30 11:45:00,13,6.1,cloudy,no,yes,no,no,
2025-03-30 12:00:00,17,6.1,cloudy,no,yes,no,no,
2025-03-30 12:15:00,17,6.7,cloudy,no,yes,no,no,
2025-03-30 12:30:00,18,6.7,cloudy,no,yes,no,no,
2025-03-30 12:45:00,19,6.7,cloudy,no,yes,no,no,
2025-03-30 13:00:00,17,8.5,cloudy,no,yes,no,no,
2025-03-30 13:15:00,19,8.5,cloudy,no,yes,no,no,
2025-03-30 13:30:00,15,8.5,cloudy,no,yes,no,no,
2025-03-30 13:45:00,15,8.3,cloudy,no,yes,no,no,
2025-03-30 14:00:00,9,8.3,cloudy,no,yes,no,no,
2025-03-30 14:30:00,10,9.2,clear,no,yes,no,no,
2025-03-30 14:45:00,8,9.2,clear,no,yes,no,no,
2025-03-30 15:15:00,10,9.0,clear,no,yes,no,no,
2025-03-30 15:30:00,9,9.0,clear,no,yes,no,no,
2025-03-30 15:45:00,7,9.4,clear,no,yes,no,no,
2025-03-30 16:00:00,8,9.4,clear,no,yes,no,no,
2025-03-30 16:15:00,8,10.5,clear,no,yes,no,no,
2025-03-30 16:30:00,9,10.5,clear,no,yes,no,no,
2025-03-30 16:45:00,10,10.5,clear,no,yes,no,no,
2025-03-30 17:00:00,10,10.0,clear,no,yes,no,no,
2025-03-30 17:15:00,9,10.0,clear,no,yes,no,no,
2025-03-30 17:30:00,10,10.0,clear,no,yes,no,no,
2025-03-30 17:45:00,11,10.5,clear,no,yes,no,no,
2025-03-30 18:00:00,11,10.5,clear,no,yes,no,no,
2025-03-30 18:15:00,10,10.3,clear,no,yes,no,no,
2025-03-30 18:30:00,12,10.3,clear,no,yes,no,no,
2025-03-30 18:45:00,14,10.3,clear,no,yes,no,no,
2025-03-30 19:00:00,14,9.2,clear,no,yes,no,no,
2025-03-30 19:15:00,13,9.2,clear,no,yes,no,no,
2025-03-30 19:30:00,14,9.2,clear,no,yes,no,no,
2025-03-30 19:45:00,12,9.7,clear,no,yes,no,no,
2025-03-30 20:00:00,8,9.7,clear,no,yes,no,no,
2025-03-30 20:15:00,7,8.0,clear,no,no,no,no,
2025-03-30 20:30:00,6,8.0,clear,no,no,no,no,
2025-03-30 20:45:00,5,8.0,clear,no,no,no,no,
2025-03-30 21:00:00,3,7.7,clear,no,no,no,no,
2025-03-30 21:15:00,5,7.7,clear,no,no,no,no,
2025-03-30 21:30:00,5,7.7,clear,no,no,no,no,
2025-03-30 21:45:00,5,7.3,clear,no,no,no,no,
2025-03-30 22:00:00,5,7.3,clear,no,no,no,no,
2025-03-30 22:15:00,4,6.9,clear,no,no,no,no,
2025-03-30 22:30:00,4,6.9,clear,no,no,no,no,
2025-03-30 22:45:00,2,6.9,clear,no,no,no,no,
2025-03-30 23:00:00,3,6.2,clear,no,no,no,no,
2025-03-30 23:15:00,2,6.2,clear,no,no,no,no,
2025-03-30 23:30:00,1,6.2,clear,no,no,no,no,
2025-03-30 23:45:00,1,6.1,clear,no,no,no,no,
2025-03-31 00:00:00,1,6.1,clear,no,no,no,no,
2025-03-31 00:15:00,1,5.7,clear,no,no,no,no,
2025-03-31 00:30:00,0,5.7,clear,no,no,no,no,
2025-03-31 00:45:00,0,5.7,clear,no,no,no,no,
2025-03-31 01:00:00,0,5.1,clear,no,no,no,no,
2025-03-31 01:15:00,0,5.1,clear,no,no,no,no,
2025-03-31 01:30:00,0,5.1,clear,no,no,no,no,
2025-03-31 01:45:00,0,5.4,clear,no,no,no,no,
2025-03-31 02:15:00,0,5.4,clear,no,no,no,no,
2025-03-31 02:45:00,0,5.0,clear,no,no,no,no,
2025-03-31 03:15:00,0,5.0,clear,no,no,no,no,
2025-03-31 03:45:00,1,4.2,clear,no,no,no,no,
2025-03-31 04:30:00,1,3.2,clear,no,no,no,no,
2025-03-31 05:00:00,1,2.7,clear,no,no,no,no,
2025-03-31 05:30:00,2,2.7,clear,no,no,no,no,
2025-03-31 05:45:00,2,2.5,clear,no,no,no,no,
2025-03-31 06:00:00,2,2.5,clear,no,no,no,no,
2025-03-31 06:15:00,3,1.8,clear,no,no,no,no,
2025-03-31 06:30:00,5,1.8,clear,no,no,no,no,
2025-03-31 06:45:00,5,1.8,clear,no,no,no,no,
2025-03-31 07:00:00,5,0.5,foggy,no,yes,no,no,
2025-03-31 07:15:00,6,0.5,foggy,no,yes,no,no,
2025-03-31 07:30:00,6,1.0,foggy,no,yes,no,no,
2025-03-31 07:45:00,5,1.0,foggy,no,yes,no,no,
2025-03-31 08:00:00,7,1.0,foggy,no,yes,no,no,
2025-03-31 08:30:00,12,1.7,foggy,no,yes,no,no,
2025-03-31 08:45:00,13,1.7,foggy,no,yes,no,no,
2025-03-31 09:00:00,20,2.0,foggy,no,yes,no,no,
2025-03-31 09:15:00,23,2.0,foggy,no,yes,no,no,
2025-03-31 09:30:00,24,2.0,foggy,no,yes,no,no,
2025-03-31 09:45:00,29,2.2,foggy,no,yes,no,no,
2025-03-31 10:00:00,30,2.2,foggy,no,yes,no,no,
2025-03-31 10:30:00,28,4.6,cloudy,no,yes,no,no,
2025-03-31 10:45:00,24,4.6,cloudy,no,yes,no,no,
2025-03-31 11:00:00,24,6.2,cloudy,no,yes,no,no,
2025-03-31 11:15:00,21,6.2,cloudy,no,yes,no,no,
2025-03-31 11:30:00,18,5.9,cloudy,no,yes,no,no,
2025-03-31 11:45:00,17,5.9,cloudy,no,yes,no,no,
2025-03-31 12:00:00,20,5.9,cloudy,no,yes,no,no,
2025-03-31 12:15:00,19,7.6,cloudy,no,yes,no,no,
2025-03-31 12:30:00,14,7.6,cloudy,no,yes,no,no,
2025-03-31 12:45:00,17,7.6,cloudy,no,yes,no,no,
2025-03-31 13:00:00,15,8.5,cloudy,no,yes,no,no,
2025-03-31 13:15:00,18,8.5,cloudy,no,yes,no,no,
2025-03-31 13:30:00,14,8.5,cloudy,no,yes,no,no,
2025-03-31 13:45:00,13,9.1,cloudy,no,yes,no,no,
2025-03-31 14:00:00,13,9.1,cloudy,no,yes,no,no,
2025-03-31 14:30:00,12,9.3,cloudy,no,yes,no,no,
2025-03-31 14:45:00,11,9.3,cloudy,no,yes,no,no,
2025-03-31 15:15:00,16,10.0,cloudy,no,yes,no,no,
2025-03-31 15:30:00,20,10.0,cloudy,no,yes,no,no,
2025-03-31 15:45:00,21,10.0,cloudy,no,yes,no,no,
2025-03-31 16:00:00,18,9.8,cloudy,no,yes,no,no,
2025-03-31 16:15:00,22,9.8,cloudy,no,yes,no,no,
2025-03-31 16:30:00,19,9.8,cloudy,no,yes,no,no,
2025-03-31 16:45:00,16,9.8,cloudy,no,yes,no,no,
2025-03-31 17:00:00,14,10.0,cloudy,no,yes,no,no,
2025-03-31 17:15:00,23,10.0,cloudy,no,yes,no,no,
2025-03-31 17:30:00,24,10.0,cloudy,no,yes,no,no,
2025-03-31 17:45:00,20,10.4,cloudy,no,yes,no,no,
2025-03-31 18:00:00,22,10.4,cloudy,no,yes,no,no,
2025-03-31 18:15:00,30,10.3,cloudy,no,yes,no,no,
2025-03-31 18:30:00,42,10.3,cloudy,no,yes,no,no,
2025-03-31 18:45:00,43,10.3,cloudy,no,yes,no,no,
2025-03-31 19:00:00,49,9.3,clear,no,yes,no,no,
2025-03-31 19:15:00,57,9.3,clear,no,yes,no,no,
2025-03-31 19:30:00,58,9.3,clear,no,yes,no,no,
2025-03-31 19:45:00,55,9.6,clear,no,yes,no,no,
2025-03-31 20:00:00,47,9.6,clear,no,yes,no,no,
2025-03-31 20:30:00,33,8.9,cloudy,no,no,no,no,
2025-03-31 20:45:00,25,8.9,cloudy,no,no,no,no,
2025-03-31 21:00:00,21,9.0,cloudy,no,no,no,no,
2025-03-31 21:15:00,18,9.0,cloudy,no,no,no,no,
2025-03-31 21:30:00,13,9.0,cloudy,no,no,no,no,
2025-03-31 21:45:00,12,8.2,cloudy,no,yes,no,no,
2025-03-31 22:00:00,7,8.2,cloudy,no,yes,no,no,
2025-03-31 22:15:00,5,8.1,cloudy,no,yes,no,no,
2025-03-31 22:30:00,5,8.1,cloudy,no,yes,no,no,
2025-03-31 22:45:00,5,8.1,cloudy,no,yes,no,no,
2025-03-31 23:00:00,4,7.6,cloudy,no,yes,no,no,
2025-03-31 23:15:00,5,7.6,cloudy,no,yes,no,no,
2025-03-31 23:30:00,4,7.6,cloudy,no,yes,no,no,
2025-03-31 23:45:00,4,7.6,cloudy,no,yes,no,no,
2025-04-01 00:00:00,3,7.6,cloudy,no,yes,no,no,
2025-04-01 00:15:00,4,7.4,cloudy,no,yes,no,no,
2025-04-01 00:30:00,2,7.4,cloudy,no,yes,no,no,
2025-04-01 00:45:00,2,7.4,cloudy,no,yes,no,no,
2025-04-01 01:00:00,2,7.3,cloudy,no,yes,no,no,
2025-04-01 01:15:00,1,7.3,cloudy,no,yes,no,no,
2025-04-01 01:30:00,2,7.3,cloudy,no,yes,no,no,
2025-04-01 01:45:00,2,6.9,cloudy,no,yes,no,no,
2025-04-01 02:15:00,1,6.9,cloudy,no,yes,no,no,
2025-04-01 02:45:00,1,6.6,cloudy,no,yes,no,no,
2025-04-01 03:15:00,0,6.6,cloudy,no,yes,no,no,
2025-04-01 03:45:00,0,6.4,cloudy,no,yes,no,no,
2025-04-01 04:30:00,0,6.5,cloudy,no,yes,no,no,
2025-04-01 05:15:00,0,6.1,cloudy,no,no,no,no,
2025-04-01 05:30:00,0,6.1,cloudy,no,no,no,no,
2025-04-01 05:45:00,2,6.2,cloudy,no,no,no,no,
2025-04-01 06:00:00,2,6.2,cloudy,no,no,no,no,
2025-04-01 06:15:00,3,6.2,cloudy,no,no,no,no,
2025-04-01 06:30:00,4,5.6,cloudy,no,no,no,no,
2025-04-01 06:45:00,4,5.6,cloudy,no,no,no,no,
2025-04-01 07:00:00,4,5.6,cloudy,no,no,no,no,
2025-04-01 07:15:00,2,5.2,cloudy,no,yes,no,no,
2025-04-01 07:30:00,5,5.2,cloudy,no,yes,no,no,
2025-04-01 07:45:00,5,5.2,cloudy,no,yes,no,no,
2025-04-01 08:00:00,7,5.5,cloudy,no,yes,no,no,
2025-04-01 08:30:00,10,5.5,cloudy,no,yes,no,no,
2025-04-01 08:45:00,14,5.0,clear,no,yes,no,no,
2025-04-01 09:00:00,15,5.0,clear,no,yes,no,no,
2025-04-01 09:15:00,16,6.6,clear,no,yes,no,no,
2025-04-01 09:30:00,16,6.6,clear,no,yes,no,no,
2025-04-01 09:45:00,17,6.6,clear,no,yes,no,no,
2025-04-01 10:00:00,24,8.7,cloudy,no,yes,no,no,
2025-04-01 10:15:00,26,8.7,cloudy,no,yes,no,no,
2025-04-01 10:30:00,24,8.1,cloudy,no,yes,no,no,
2025-04-01 10:45:00,24,8.1,cloudy,no,yes,no,no,
2025-04-01 11:00:00,27,8.1,cloudy,no,yes,no,no,
2025-04-01 11:15:00,26,10.1,cloudy,no,yes,no,no,
2025-04-01 11:30:00,16,10.1,cloudy,no,yes,no,no,
2025-04-01 11:45:00,11,10.1,cloudy,no,yes,no,no,
2025-04-01 12:00:00,14,10.8,cloudy,no,yes,no,no,
2025-04-01 12:15:00,15,10.8,cloudy,no,yes,no,no,
2025-04-01 12:30:00,10,11.0,cloudy,no,yes,no,no,
2025-04-01 12:45:00,10,11.0,cloudy,no,yes,no,no,
2025-04-01 13:00:00,11,11.0,cloudy,no,yes,no,no,
2025-04-01 13:15:00,13,12.0,cloudy,no,yes,no,no,
2025-04-01 13:30:00,15,12.0,cloudy,no,yes,no,no,
2025-04-01 13:45:00,14,12.0,cloudy,no,yes,no,no,
2025-04-01 14:00:00,14,13.3,cloudy,no,yes,no,no,
2025-04-01 14:30:00,15,13.3,cloudy,no,yes,no,no,
2025-04-01 14:45:00,14,13.5,cloudy,no,yes,no,no,
2025-04-01 15:15:00,18,13.5,cloudy,no,yes,no,no,
2025-04-01 15:30:00,17,14.4,cloudy,no,yes,no,no,
2025-04-01 15:45:00,19,14.4,cloudy,no,yes,no,no,
2025-04-01 16:00:00,18,14.8,cloudy,no,yes,no,no,
2025-04-01 16:15:00,14,14.8,cloudy,no,yes,no,no,
2025-04-01 16:30:00,16,14.1,cloudy,no,yes,no,no,
2025-04-01 16:45:00,17,14.1,cloudy,no,yes,no,no,
2025-04-01 17:00:00,18,14.1,cloudy,no,yes,no,no,
2025-04-01 17:15:00,23,13.5,cloudy,no,yes,no,no,
2025-04-01 17:30:00,35,13.5,cloudy,no,yes,no,no,
2025-04-01 17:45:00,38,13.5,cloudy,no,yes,no,no,
2025-04-01 18:00:00,33,,unknown,no,yes,no,no,
2025-04-01 18:15:00,38,12.2,cloudy,no,yes,no,no,
2025-04-01 18:30:00,36,12.2,cloudy,no,yes,no,no,
2025-04-01 18:45:00,35,12.2,cloudy,no,yes,no,no,
2025-04-01 19:00:00,27,12.6,cloudy,no,yes,no,no,
2025-04-01 19:15:00,23,12.6,cloudy,no,yes,no,no,
2025-04-01 19:30:00,24,12.7,cloudy,no,yes,no,no,
2025-04-01 19:45:00,18,12.7,cloudy,no,yes,no,no,
2025-04-01 20:00:00,21,12.7,cloudy,no,yes,no,no,
2025-04-01 20:30:00,17,11.5,cloudy,no,no,no,no,
2025-04-01 20:45:00,13,11.5,cloudy,no,no,no,no,
2025-04-01 21:00:00,13,10.7,cloudy,no,no,no,no,
2025-04-01 21:15:00,9,10.7,cloudy,no,no,no,no,
2025-04-01 21:30:00,7,10.7,cloudy,no,no,no,no,
2025-04-01 21:45:00,7,10.5,cloudy,no,no,no,no,
2025-04-01 22:00:00,7,10.5,cloudy,no,no,no,no,
2025-04-01 22:15:00,6,9.3,cloudy,no,no,no,no,
2025-04-01 22:30:00,5,9.3,cloudy,no,no,no,no,
2025-04-01 22:45:00,6,9.3,cloudy,no,no,no,no,
2025-04-01 23:00:00,7,8.2,cloudy,no,no,no,no,
2025-04-01 23:15:00,4,8.2,cloudy,no,no,no,no,
2025-04-01 23:30:00,4,8.2,cloudy,no,no,no,no,
2025-04-01 23:45:00,3,8.0,clear,no,no,no,no,
2025-04-02 00:00:00,3,8.0,clear,no,no,no,no,
2025-04-02 00:15:00,3,7.5,cloudy,no,no,no,no,
2025-04-02 00:30:00,1,7.5,cloudy,no,no,no,no,
2025-04-02 00:45:00,1,7.5,cloudy,no,no,no,no,
2025-04-02 01:00:00,1,7.0,cloudy,no,no,no,no,
2025-04-02 01:15:00,1,7.0,cloudy,no,no,no,no,
2025-04-02 01:30:00,1,7.0,cloudy,no,no,no,no,
2025-04-02 01:45:00,3,6.4,cloudy,no,no,no,no,
2025-04-02 02:15:00,2,6.4,cloudy,no,no,no,no,
2025-04-02 02:30:00,2,5.7,cloudy,no,no,no,no,
2025-04-02 03:15:00,0,5.6,cloudy,no,no,no,no,
2025-04-02 03:45:00,0,5.2,cloudy,no,no,no,no,
2025-04-02 04:30:00,0,5.1,cloudy,no,no,no,no,
2025-04-02 05:00:00,1,4.9,clear,no,no,no,no,
2025-04-02 05:30:00,1,4.9,clear,no,no,no,no,
2025-04-02 05:45:00,3,4.9,clear,no,no,no,no,
2025-04-02 06:00:00,3,4.9,clear,no,no,no,no,
2025-04-02 06:15:00,2,4.8,clear,no,no,no,no,
2025-04-02 06:30:00,4,4.8,clear,no,no,no,no,
2025-04-02 06:45:00,4,4.8,clear,no,no,no,no,
2025-04-02 07:00:00,2,4.7,cloudy,no,yes,no,no,
2025-04-02 07:15:00,5,4.7,cloudy,no,yes,no,no,
2025-04-02 07:30:00,5,4.5,cloudy,no,yes,no,no,
2025-04-02 07:45:00,7,4.5,cloudy,no,yes,no,no,
2025-04-02 08:00:00,9,4.5,cloudy,no,yes,no,no,
2025-04-02 08:30:00,10,5.0,cloudy,no,yes,no,no,
2025-04-02 08:45:00,9,5.0,cloudy,no,yes,no,no,
2025-04-02 09:00:00,15,6.5,clear,no,yes,no,no,
2025-04-02 09:15:00,15,6.5,clear,no,yes,no,no,
2025-04-02 09:30:00,13,6.5,clear,no,yes,no,no,
2025-04-02 09:45:00,17,5.7,clear,no,yes,no,no,
2025-04-02 10:00:00,19,5.7,clear,no,yes,no,no,
2025-04-02 10:15:00,25,8.2,clear,no,yes,no,no,
2025-04-02 10:30:00,20,8.2,clear,no,yes,no,no,
2025-04-02 10:45:00,19,8.2,clear,no,yes,no,no,
2025-04-02 11:00:00,20,10.0,cloudy,no,yes,no,no,
2025-04-02 11:15:00,20,10.0,cloudy,no,yes,no,no,
2025-04-02 11:30:00,22,10.0,cloudy,no,yes,no,no,
2025-04-02 11:45:00,18,10.0,cloudy,no,yes,no,no,
2025-04-02 12:00:00,16,10.0,cloudy,no,yes,no,no,
2025-04-02 12:15:00,16,11.4,cloudy,no,yes,no,no,
2025-04-02 12:30:00,17,11.4,cloudy,no,yes,no,no,
2025-04-02 12:45:00,15,11.4,cloudy,no,yes,no,no,
2025-04-02 13:00:00,13,12.4,clear,no,yes,no,no,
2025-04-02 13:15:00,10,12.4,clear,no,yes,no,no,
2025-04-02 13:30:00,15,12.4,clear,no,yes,no,no,
2025-04-02 13:45:00,14,13.3,clear,no,yes,no,no,
2025-04-02 14:00:00,14,13.3,clear,no,yes,no,no,
2025-04-02 14:30:00,17,13.7,clear,no,yes,no,no,
2025-04-02 14:45:00,19,13.7,clear,no,yes,no,no,
2025-04-02 15:15:00,19,13.5,cloudy,no,yes,no,no,
2025-04-02 15:30:00,17,13.5,cloudy,no,yes,no,no,
2025-04-02 15:45:00,19,14.0,clear,no,yes,no,no,
2025-04-02 16:00:00,21,14.0,clear,no,yes,no,no,
2025-04-02 16:15:00,16,14.1,clear,no,yes,no,no,
2025-04-02 16:30:00,16,14.1,clear,no,yes,no,no,
2025-04-02 16:45:00,15,14.1,clear,no,yes,no,no,
2025-04-02 17:00:00,14,14.0,clear,no,yes,no,no,
2025-04-02 17:15:00,19,14.0,clear,no,yes,no,no,
2025-04-02 17:30:00,17,14.4,clear,no,yes,no,no,
2025-04-02 17:45:00,18,14.4,clear,no,yes,no,no,
2025-04-02 18:00:00,31,14.4,clear,no,yes,no,no,
2025-04-02 18:15:00,34,13.7,clear,no,yes,no,no,
2025-04-02 18:45:00,30,13.7,clear,no,yes,no,no,
2025-04-02 19:00:00,31,13.0,clear,no,yes,no,no,
2025-04-02 19:15:00,27,13.0,clear,no,yes,no,no,
2025-04-02 19:30:00,22,13.0,clear,no,yes,no,no,
2025-04-02 19:45:00,20,13.2,clear,no,yes,no,no,
2025-04-02 20:00:00,25,13.2,clear,no,yes,no,no,
2025-04-02 20:30:00,28,11.6,clear,no,no,no,no,
2025-04-02 20:45:00,27,11.6,clear,no,no,no,no,
2025-04-02 21:00:00,20,10.5,cloudy,no,no,no,no,
2025-04-02 21:15:00,19,10.5,cloudy,no,no,no,no,
2025-04-02 21:30:00,17,10.5,cloudy,no,no,no,no,
2025-04-02 21:45:00,11,10.9,clear,no,no,no,no,
2025-04-02 22:00:00,8,10.9,clear,no,no,no,no,
2025-04-02 22:15:00,7,9.5,cloudy,no,no,no,no,
2025-04-02 22:30:00,7,9.5,cloudy,no,no,no,no,
2025-04-02 22:45:00,3,9.5,cloudy,no,no,no,no,
2025-04-02 23:00:00,2,8.4,cloudy,no,no,no,no,
2025-04-02 23:15:00,4,8.4,cloudy,no,no,no,no,
2025-04-02 23:30:00,4,8.4,cloudy,no,no,no,no,
2025-04-02 23:45:00,4,8.3,cloudy,no,no,no,no,
2025-04-03 00:00:00,4,8.3,cloudy,no,no,no,no,
2025-04-03 00:15:00,3,7.7,cloudy,no,no,no,no,
2025-04-03 00:30:00,3,7.7,cloudy,no,no,no,no,
2025-04-03 00:45:00,2,7.7,cloudy,no,no,no,no,
2025-04-03 01:00:00,2,7.0,cloudy,no,no,no,no,
2025-04-03 01:15:00,2,7.0,cloudy,no,no,no,no,
2025-04-03 01:30:00,2,7.0,cloudy,no,no,no,no,
2025-04-03 01:45:00,2,6.1,cloudy,no,no,no,no,
2025-04-03 02:15:00,1,6.1,cloudy,no,no,no,no,
2025-04-03 02:30:00,0,5.1,cloudy,no,no,no,no,
2025-04-03 03:15:00,0,4.7,cloudy,no,no,no,no,
2025-04-03 03:45:00,0,4.5,cloudy,no,no,no,no,
2025-04-03 04:30:00,0,4.0,clear,no,no,no,no,
2025-04-03 05:00:00,0,3.6,clear,no,no,no,no,
2025-04-03 05:30:00,1,3.6,clear,no,no,no,no,
2025-04-03 05:45:00,3,3.4,clear,no,no,no,no,
2025-04-03 06:00:00,4,3.4,clear,no,no,no,no,
2025-04-03 06:15:00,6,3.1,clear,no,no,no,no,
2025-04-03 06:30:00,7,3.1,clear,no,no,no,no,
2025-04-03 06:45:00,9,3.1,clear,no,no,no,no,
2025-04-03 07:00:00,8,2.8,clear,no,yes,no,no,
2025-04-03 07:15:00,7,2.8,clear,no,yes,no,no,
2025-04-03 07:30:00,6,2.8,clear,no,yes,no,no,
2025-04-03 07:45:00,6,2.8,clear,no,yes,no,no,
2025-04-03 08:00:00,8,2.8,clear,no,yes,no,no,
2025-04-03 08:30:00,9,3.5,clear,no,yes,no,no,
2025-04-03 08:45:00,11,3.5,clear,no,yes,no,no,
2025-04-03 09:00:00,16,5.3,cloudy,no,yes,no,no,
2025-04-03 09:15:00,16,5.3,cloudy,no,yes,no,no,
2025-04-03 09:30:00,17,5.3,cloudy,no,yes,no,no,
2025-04-03 09:45:00,20,4.7,cloudy,no,yes,no,no,
2025-04-03 10:00:00,24,4.7,cloudy,no,yes,no,no,
2025-04-03 10:15:00,26,6.9,cloudy,no,yes,no,no,
2025-04-03 10:30:00,27,6.9,cloudy,no,yes,no,no,
2025-04-03 10:45:00,25,6.9,cloudy,no,yes,no,no,
2025-04-03 11:00:00,22,8.2,cloudy,no,yes,no,no,
2025-04-03 11:15:00,15,8.2,cloudy,no,yes,no,no,
2025-04-03 11:30:00,14,9.0,cloudy,no,yes,no,no,
2025-04-03 11:45:00,11,9.0,cloudy,no,yes,no,no,
2025-04-03 12:00:00,7,9.0,cloudy,no,yes,no,no,
2025-04-03 12:15:00,11,10.3,clear,no,yes,no,no,
2025-04-03 12:30:00,10,10.3,clear,no,yes,no,no,
2025-04-03 12:45:00,10,10.3,clear,no,yes,no,no,
2025-04-03 13:00:00,9,11.8,cloudy,no,yes,no,no,
2025-04-03 13:15:00,10,11.8,cloudy,no,yes,no,no,
2025-04-03 13:30:00,10,11.8,cloudy,no,yes,no,no,
2025-04-03 13:45:00,7,12.0,clear,no,yes,no,no,
2025-04-03 14:00:00,6,12.0,clear,no,yes,no,no,
2025-04-03 14:30:00,7,12.9,clear,no,yes,no,no,
2025-04-03 14:45:00,12,12.9,clear,no,yes,no,no,
2025-04-03 15:15:00,14,12.2,clear,no,yes,no,no,
2025-04-03 15:30:00,14,12.2,clear,no,yes,no,no,
2025-04-03 15:45:00,17,12.4,cloudy,no,yes,no,no,
2025-04-03 16:00:00,16,12.4,cloudy,no,yes,no,no,
2025-04-03 16:15:00,12,11.8,clear,no,yes,no,no,
2025-04-03 16:30:00,13,11.8,clear,no,yes,no,no,
2025-04-03 16:45:00,14,11.8,clear,no,yes,no,no,
2025-04-03 17:00:00,17,12.4,clear,no,yes,no,no,
2025-04-03 17:15:00,17,12.4,clear,no,yes,no,no,
2025-04-03 17:30:00,19,12.4,clear,no,yes,no,no,
2025-04-03 17:45:00,19,13.0,clear,no,yes,no,no,
2025-04-03 18:00:00,23,13.0,clear,no,yes,no,no,
2025-04-03 18:15:00,26,12.3,clear,no,yes,no,no,
2025-04-03 18:45:00,28,12.3,clear,no,yes,no,no,
2025-04-03 19:00:00,41,11.8,clear,no,yes,no,no,
2025-04-03 19:15:00,42,11.8,clear,no,yes,no,no,
2025-04-03 19:30:00,40,11.8,clear,no,yes,no,no,
2025-04-03 19:45:00,37,12.3,clear,no,yes,no,no,
2025-04-03 20:00:00,32,12.3,clear,no,yes,no,no,
2025-04-03 20:15:00,16,11.0,clear,no,no,no,no,
2025-04-03 20:45:00,11,11.0,clear,no,no,no,no,
2025-04-03 21:00:00,10,9.3,clear,no,no,no,no,
2025-04-03 21:15:00,11,9.3,clear,no,no,no,no,
2025-04-03 21:30:00,9,9.3,clear,no,no,no,no,
2025-04-03 21:45:00,7,9.3,clear,no,no,no,no,
2025-04-03 22:00:00,5,9.3,clear,no,no,no,no,
2025-04-03 22:15:00,7,8.2,cloudy,no,no,no,no,
2025-04-03 22:30:00,7,8.2,cloudy,no,no,no,no,
2025-04-03 22:45:00,5,8.2,cloudy,no,no,no,no,
2025-04-03 23:00:00,4,7.4,cloudy,no,yes,no,no,
2025-04-03 23:15:00,4,7.4,cloudy,no,yes,no,no,
2025-04-03 23:30:00,3,7.4,cloudy,no,yes,no,no,
2025-04-03 23:45:00,2,7.2,cloudy,no,yes,no,no,
2025-04-04 00:00:00,1,7.2,cloudy,no,yes,no,no,
2025-04-04 00:15:00,1,6.8,cloudy,no,yes,no,no,
2025-04-04 00:30:00,1,6.8,cloudy,no,yes,no,no,
2025-04-04 00:45:00,1,6.8,cloudy,no,yes,no,no,
2025-04-04 01:00:00,1,6.3,cloudy,no,no,no,no,
2025-04-04 01:15:00,0,6.3,cloudy,no,no,no,no,
2025-04-04 01:30:00,0,6.3,cloudy,no,no,no,no,
2025-04-04 01:45:00,0,6.0,cloudy,no,no,no,no,
2025-04-04 02:15:00,1,6.0,cloudy,no,no,no,no,
2025-04-04 02:30:00,1,5.3,cloudy,no,no,no,no,
2025-04-04 03:15:00,1,4.7,cloudy,no,no,no,no,
2025-04-04 03:45:00,0,4.7,cloudy,no,no,no,no,
2025-04-04 04:30:00,0,4.4,cloudy,no,no,no,no,
2025-04-04 04:45:00,1,4.4,cloudy,no,no,no,no,
2025-04-04 05:15:00,1,3.9,cloudy,no,no,no,no,
2025-04-04 05:45:00,4,3.9,cloudy,no,no,no,no,
2025-04-04 06:00:00,5,4.7,cloudy,no,yes,no,no,
2025-04-04 06:15:00,5,4.0,cloudy,no,yes,no,no,
2025-04-04 06:30:00,5,4.0,cloudy,no,yes,no,no,
2025-04-04 06:45:00,7,4.0,cloudy,no,yes,no,no,
2025-04-04 07:00:00,6,3.8,foggy,no,yes,no,no,
2025-04-04 07:15:00,8,3.8,foggy,no,yes,no,no,
2025-04-04 07:30:00,8,3.8,foggy,no,yes,no,no,
2025-04-04 07:45:00,8,3.7,foggy,no,yes,no,no,
2025-04-04 08:00:00,11,3.7,foggy,no,yes,no,no,
